Height_cm,Weight_kg,Gender,Age_Group
174.40014450053332,110.18184678556517,Female,Senoir
163.2307799969404,89.37785292866006,Other,Adult
165.65503772567683,80.07383557182945,Other,Adult
169.54413983644503,98.21997710666139,Female,Senior
155.92536225623445,85.00442558680739,Male,Senior
183.0547880715433,104.80107236360588,Male,Adult
185.29550319460614,102.53416960019116,Male,Teen
183.07142754282427,,Other,Adult
,84.17017737096907,Male,Adult
162.26210800896428,86.64924878804185,Female,Adlt
185.50500492814078,101.23587339872338,Male,Senoir
163.98293387770602,86.2977578028187,Male,Teen
153.87284128810347,80.55455264655063,Male,Teen
157.99703592944223,78.95094461116798,Male,Adlt
159.64757677580627,,Female,Senoir
,90.05182532263713,Female,Adlt
172.32049937357635,,Other,Senoir
168.55639588076056,97.40014909832973,Other,Senoir
174.134349032237,94.30719651810313,Other,Teen
189.0941664047013,107.42882118258852,Other,Adlt
162.36740843457483,84.26963371076208,Other,Adult
,85.34528059120173,Other,Senior
,101.0594499471656,Female,Teen
180.4900922583689,104.88701868327031,Other,Teen
170.3526355197173,87.19588078629874,Female,Adult
172.03463635867223,92.832991794732,Other,Teen
167.74223699513465,88.09951327592829,Male,Teen
177.4625356602722,94.08244474969598,Other,Teen
155.36485051867882,79.42478256626802,Male,Adlt
176.90143991711113,105.19415343372249,Male,Teen
191.43944089325325,108.27712396407928,Female,Senoir
180.7363174985977,92.76618669685901,Other,Senoir
168.40061470036574,95.35632903184239,Other,Senior
162.16746707663762,91.89807281359707,Other,Adlt
167.1134136107986,92.36109227673147,Female,Adult
152.75082167486968,86.15555852320895,Other,Teen
159.7561235866571,79.17714326259458,Female,Adlt
182.78451862607298,106.35427772445617,Male,Adlt
170.67528204687923,93.48598088088639,Male,Adlt
178.2254491210319,97.98697189743183,Other,Adult
164.53141058759607,87.48792689388108,Female,Senoir
172.1915032766394,106.12885367993863,Other,Senoir
179.7554512712236,99.9268344836707,Male,Senoir
159.37696286273896,91.50782292175829,Female,Adlt
163.3821353523161,89.88883721301089,Male,Adult
170.05243699718184,98.97571407077864,Other,Adlt
181.79297184063827,111.25601678863711,Female,Senoir
188.46707325736034,111.02117172572235,Female,Teen
171.50301761461878,95.30521425205225,Other,Senior
165.30824347895296,89.70082066038219,Female,Senior
172.7045682577984,89.72566586135105,Female,Senior
,89.7763855354602,Female,Adult
166.57312405919652,87.95702090805777,Other,Adlt
156.4014385902008,72.90691397083823,Other,Senior
166.48486515958692,87.19111525689675,Other,Adult
163.99361310081196,90.66184165438285,Male,Teen
155.75251813786542,90.88861811713821,Male,Adult
186.28615545571293,106.41408427922391,Female,Adult
170.2100384163276,86.62985341294403,Female,Senoir
153.4514332813423,76.08804763699811,Male,Senior
158.70293145342382,91.69389629143016,Other,Adult
173.2271856033809,88.50990919917217,Female,Adult
175.19346514241172,97.59756938230558,Other,Adult
173.7730049304485,92.75568973125797,Female,Senoir
172.56029734313876,90.03585551309311,Other,Senior
167.51035851520928,88.93455901597393,Other,Adlt
175.17659020469122,93.02216551326923,Female,Senoir
176.56553608633828,97.28482556016134,Female,Adlt
167.79030400466777,93.95416562630405,Male,Senior
163.1997527842151,83.68496876734608,Female,Senior
177.91662693962937,99.40452646705836,Male,Senoir
170.9707754934804,93.51569164706206,Male,Senior
182.7767682189851,115.32410312159202,Male,Senoir
162.69633368282862,83.6392413895066,Other,Adlt
163.08091930118755,86.6265133026439,Male,Senoir
165.54497478599228,89.8337506672267,Female,Senior
185.77453279763475,109.70130189259358,Other,Senior
159.87168879665577,80.62742989891795,Female,Adult
182.66911149186623,112.76506227686812,Male,Adlt
182.3781631197346,100.85587541290417,Other,Teen
187.65454240281096,110.05801772148361,Female,Adult
175.0091718762438,105.0755034048301,Female,Senior
155.9248830528218,88.40927319488682,Male,Teen
168.4199210142101,88.3601797512018,Other,Adult
171.29221181975228,110.12852847700137,Male,Adult
175.88317206484575,100.8348114929239,Male,Senoir
162.40867338446301,89.87828290606326,Male,Adlt
183.56240028570824,99.60781078400669,Male,Adult
164.29253706250523,84.5101823108715,Female,Adlt
174.8937456122792,99.02616745965929,Other,Senoir
168.32881919683146,90.20195696381282,Other,Senoir
155.64137848820562,83.12293124392093,Other,Senior
168.07639035218878,92.02084584268779,Other,Senior
164.44800473306802,81.85545628749914,Other,Senoir
185.03398301767152,110.15606365014436,Female,Adult
174.82472415243186,89.48974871907278,Male,Adult
161.72769056447677,86.47172110692489,Female,Senoir
164.4777695571903,89.47346074787055,Male,Senoir
179.17861947054777,105.42840233153763,Other,Adult
170.82283989275425,92.68490470934034,Male,Senoir
168.85460154747383,97.97121093244857,Other,Senior
167.3012506470663,93.66689688738568,Male,Adlt
169.27989878419666,85.87850152717247,Other,Adult
181.58595579007405,96.47949787724868,Other,Senoir
167.8231879677278,90.91573437722928,Female,Adlt
166.64215300709873,90.09903498975267,Male,Adult
191.89802933217672,109.68014870027474,Male,Teen
176.47688538100692,99.12734869250711,Male,Senoir
170.73317967188405,95.77785703266296,Male,Senior
171.15674634292859,95.38403310295203,Female,Senior
151.32734807408252,77.74371681780941,Other,Adult
157.48886423614698,78.35125295990804,Male,Senoir
173.37602662075201,94.90602949916918,Other,Teen
159.62753845673544,93.97230249424388,Female,Teen
188.8115706944059,112.41390974114793,Other,Senior
165.39361229040213,92.11586545342904,Other,Adult
178.30335816544246,96.33507124565462,Female,Adlt
163.77300480179406,76.63125135685225,Other,Senior
192.70692857804397,113.74463496947943,Other,Senoir
162.96823574874114,82.45517919728607,Male,Senoir
173.34456789987024,101.64363679402113,Female,Senoir
185.47505201330063,110.89499041473162,Male,Adlt
179.82690983945514,96.50520424761368,Male,Senior
156.17200269035663,83.51743716732689,Other,Adult
173.38496407494415,97.04931365360446,Male,Adlt
178.9959987543325,,Male,Adlt
170.77368307647617,90.87507677554161,Male,Adult
162.3220243489587,87.52544274007197,Other,Senior
195.7335980324986,117.85265744655722,Male,Adult
155.51915658502676,67.19763525201431,Male,Senior
176.22849932347498,94.82167394828018,Female,Teen
184.65648768921554,108.8050163604715,Other,Adlt
171.77701000933254,87.56772169004013,Male,Teen
185.23124077269657,114.4186664582663,Other,Senior
171.50393786476207,95.85000698031833,Other,Senoir
167.6586304305082,92.86019431456613,Other,Adult
165.1056055748178,82.42330065793641,Female,Adult
169.37320902726827,93.98005318753629,Other,Adlt
,97.59663238532826,Male,Adult
175.62969236690572,98.04985084316037,Male,Senior
157.79156350028978,89.88234096671096,Other,Adult
176.96206364813418,112.21367549341385,Other,Teen
160.24126747022666,,Female,Adlt
175.60784526368235,95.90003303168785,Other,Teen
172.2745993460413,93.55932189463721,Other,Senior
152.36959844637266,84.03309537247267,Other,Senoir
171.46713686433324,102.31365903042351,Female,Senior
171.9905969557347,106.38818496006972,Other,Senior
165.28961694381678,,Female,Senior
157.19570647503718,84.83900433354714,Male,Senoir
165.28068134210565,87.82617491350653,Female,Adlt
145.2835549987271,67.74413919704551,Female,Adlt
169.22898290585897,92.82709013503246,Other,Senoir
170.64280019095463,93.79757753175471,Female,Teen
172.85865390724905,100.73551953823244,Male,Teen
180.5364179660784,93.32961168518827,Male,Teen
152.41260513576884,75.78727812274735,Male,Senoir
169.65011509503037,103.53981717301642,Female,Teen
,95.49443487217466,Other,Senior
178.72457328280146,98.89387311741235,Female,Adult
164.56575228866234,85.07006712432394,Female,Adlt
185.4993440501754,111.76984548659968,Male,Adult
169.34249738927014,102.1999849214461,Male,Teen
191.6325472330546,113.18400798356768,Other,Adlt
165.79354677234642,74.73291520414332,Male,Senoir
162.22183312409123,84.3880474656254,Other,Senior
166.77938483794324,83.96340727846396,Male,Senior
163.18015752002202,90.40366100402514,Male,Teen
173.99136114352072,100.82933341492075,Other,Teen
177.4729360512326,98.85084366263231,Other,Adult
194.45751979616827,114.10936824859832,Female,Teen
176.5854427267283,93.47206630297948,Other,Adlt
186.44967713501285,103.88021785610037,Male,Adult
179.5042383818605,101.71383528900327,Male,Teen
143.49030191606988,73.34437185698567,Male,Teen
158.772779784377,80.15187726723451,Male,Teen
162.51513463443447,90.90282181139722,Female,Adult
185.79212815507393,111.6888814397052,Other,Senoir
180.83051243175277,,Female,Senior
172.57550390722764,92.19910871302585,Other,Adult
149.5826513157571,78.39584283324926,Other,Adlt
154.76813095216227,74.69439489901393,Male,Adlt
167.65412866624854,92.62115817911366,Other,Senior
176.79597748934677,110.16899474836886,Other,Adult
168.14341023336183,77.08635610687529,Male,Adlt
177.0030987940899,105.87736118260115,Male,Teen
168.1312835583864,88.90284994413057,Other,Senior
162.2717478546243,82.67711994794251,Other,Senoir
157.63049289121918,76.38606816762126,Female,Adult
170.28744822934817,99.12432659434657,Female,Senoir
172.08863595004755,88.7509440400311,Female,Senoir
168.72082408519233,95.46064846581197,Female,Senoir
163.49357430878172,86.2932937652789,Other,Adult
179.6337612924432,106.78323732324709,Other,Senoir
162.99879185060826,87.89514698610317,Male,Teen
170.24510174258944,92.35586126871337,Female,Adult
165.22342553234884,74.09433056164092,Male,Teen
171.1422764866204,95.68795049080346,Other,Teen
169.45705133482187,97.439996179739,Female,Senior
188.76795812558066,105.12451927172903,Male,Teen
158.8942415453417,89.09060999493502,Female,Adult
178.3569211206514,100.38365448333307,Female,Teen
159.87895624739832,82.2171839621258,Female,Adult
166.0789184686784,93.13422700788847,Male,Adlt
162.9565630945724,89.83451412792402,Female,Senoir
178.12862118838962,101.65272063991019,Other,Senior
180.30999522495952,99.52746993323646,Male,Senior
177.07751935455477,99.58777965096158,Female,Teen
,94.63648094108089,Other,Adlt
164.07606075761132,91.15039191913377,Other,Teen
171.9584525509768,93.64527738401986,Female,Teen
159.18451996385605,74.46202390756656,Other,Senoir
181.1729583158813,109.92785295014724,Other,Teen
175.07274031107298,97.59757762902036,Other,Adult
171.73180925851182,86.5936596650023,Female,Teen
159.32379570617405,76.28236280184744,Other,Adult
181.95046628924842,114.12583300907345,Other,Adult
178.71124703431693,88.71892102952053,Male,Adult
177.1095996820349,100.81507907156212,Male,Adult
173.85317379728838,98.67023010736153,Male,Adult
176.5020117795866,100.1974453078535,Other,Adult
160.21627222384967,82.44806102087374,Other,Adult
183.5563785880495,101.20478069599329,Female,Adlt
161.02745628514168,91.01851991511411,Other,Senoir
159.18943459591736,84.33647427751407,Male,Teen
150.12431085399106,79.36298847915943,Female,Senior
169.404746439382,92.84429875250586,Male,Senior
155.9814893720772,74.66831587121705,Female,Senoir
192.9889812361925,112.56580320353287,Male,Senior
200.7888080845524,116.27246638708665,Male,Senoir
180.37539944257898,90.52319732061189,Male,Teen
172.02923020851298,94.15476348030894,Female,Senoir
188.1244855799693,112.0694639021747,Female,Senoir
167.50963960443622,94.0000778132119,Female,Adlt
180.57122226218917,94.632139251049,Male,Adult
172.49383683710755,98.43470866060058,Male,Senoir
150.8122878470096,74.77764705849191,Other,Adlt
161.8177931676653,85.2835199606033,Female,Teen
176.86260190374514,102.34522611803114,Other,Adlt
160.50601111168058,87.01142299813743,Female,Senior
164.28821010217203,87.04405427223601,Male,Teen
175.83928185325965,94.20733606832546,Male,Adult
157.48460575809557,77.20748367797292,Female,Adlt
153.39039066484008,84.75360382847181,Other,Senior
164.6974238162756,91.05522966280577,Other,Adlt
164.88784323568814,93.79929924069258,Female,Senoir
159.93982618500297,84.26821564055328,Other,Senior
173.57787360348283,96.84620875637408,Other,Adlt
154.16097176514276,74.88048624951043,Female,Adult
158.7535790816213,85.65937122046246,Female,Adult
176.45484181141074,92.83973259827441,Other,Senior
164.82711549899628,87.68811911363514,Other,Senior
184.0934744018558,106.06838637646406,Male,Adult
150.40329876120225,68.04109448403294,Male,Senoir
154.85152775314134,74.52465270350903,Female,Senoir
158.9347409125833,81.27543535727152,Male,Senior
168.69856945632316,90.89385599576362,Female,Adult
172.11017467202618,100.43456055125841,Other,Adlt
165.59955513303015,85.3619499067783,Other,Senoir
173.41151974816643,95.7574021338522,Other,Adlt
181.79440120721287,101.78835332993103,Male,Senior
163.73032942212234,,Other,Adult
180.31844539468634,100.94394761568854,Female,Senoir
187.7080063563551,108.05777665855791,Male,Teen
164.86133082663306,94.56661310113793,Other,Teen
165.91924626978448,87.92068385721495,Other,Senior
173.01547342333612,97.53873109333364,Other,Senoir
172.35614558108566,87.04487194344955,Male,Senoir
162.46263835642512,90.48345231468414,Female,Adlt
173.75698018345673,96.98143879870237,Female,Adult
156.20680771985474,79.04595552694057,Male,Senoir
157.8581138721227,72.19496965314106,Other,Adlt
169.5228864385802,96.88256515663596,Male,Adult
162.07127167737656,77.06033071385983,Other,Teen
174.78979825746393,99.49361745250587,Other,Adult
169.33920201352683,94.02112038309805,Female,Adlt
158.9366502599397,88.78681373580628,Other,Adlt
159.78767182869288,85.07760295329646,Female,Senior
181.89016531107552,108.29691964801799,Other,Adult
176.81952971294965,93.81200842627783,Other,Adlt
187.52270443423623,116.37701425042488,Other,Senoir
172.61055272179888,85.35849402695847,Other,Senior
250.0,180.0,Female,Teen
171.13517345251248,94.68936063117265,Other,Adlt
185.23029856408024,103.47258481914436,Female,Senior
164.24362173762225,,Male,Adult
179.7255444962673,102.7260273228268,Female,Adult
182.06508966508358,106.66317793828142,Female,Senoir
155.14439626963028,75.17399551559082,Other,Teen
160.73069528421917,87.44926031840586,Other,Teen
152.89831607343373,76.31075107817078,Other,Teen
156.64655641289897,80.56637290846561,Other,Senoir
171.66452208213056,95.2973518339045,Other,Adult
175.04046515517845,110.54483421056258,Other,Adult
173.24166352488442,,Male,Teen
166.25179192450403,,Other,Senior
154.8480893780145,78.69319460684846,Other,Senoir
163.4737602069761,88.10006515987237,Female,Senior
171.8676676447708,99.55688902920585,Other,Teen
170.2831837613046,98.63490107816715,Male,Senoir
169.86502775262065,94.87464059038497,Female,Senoir
173.10907565598004,89.94760296008523,Female,Adlt
154.05572341205632,73.41559615744099,Male,Senior
143.80254895910255,74.40362816042801,Other,Teen
170.71566237219392,88.28340107504648,Other,Senior
172.3421473253652,96.91545021885919,Male,Adult
166.0666118767264,87.7908532402737,Female,Senoir
169.00824136220618,90.39145584849851,Other,Adult
176.86051459998438,93.65842131137754,Male,Senior
185.0399298858269,104.0120622911031,Female,Senoir
170.05113456642462,97.62765948329458,Male,Adult
180.9877685198719,106.97782316388614,Male,Senoir
196.3238206483739,123.5597313093513,Female,Teen
148.76104275690193,84.67147954753926,Other,Senoir
164.9794577564739,80.96666033885073,Male,Adlt
174.4426331148604,95.70384493485399,Other,Senior
160.21236284217693,94.47860390651775,Other,Teen
166.9082787653136,82.2967711737548,Male,Adult
165.15765927133748,82.5936882507477,Male,Senior
153.93553679742428,87.17680237384889,Male,Senior
176.29628841923613,100.27514860829258,Other,Teen
188.76170839215885,117.69309353657722,Other,Adlt
158.08696502797352,87.18709596013414,Female,Adult
178.72320636720679,97.50552203718652,Female,Senoir
174.81009231736712,95.19729510460269,Other,Adlt
169.03286888129608,91.52767617339849,Female,Senoir
178.8163975694945,107.24767832968097,Other,Adlt
174.08252755714472,96.57717677199157,Other,Adult
173.80197851005963,88.89817878889866,Other,Adult
179.7511973341775,102.5194148867703,Female,Adlt
180.53152853332904,98.71852902130203,Other,Adult
178.5765962320202,103.42625024984213,Male,Senior
,83.16222079046372,Female,Adlt
193.1465856667351,107.89393500491403,Male,Teen
185.32738913002578,109.69110771502866,Female,Senoir
171.10922589709867,96.17992165575896,Male,Teen
174.9799829124545,106.04052702192077,Female,Adult
165.36582307187538,95.41621109285948,Male,Teen
163.62260015748683,92.10762614437182,Male,Adlt
184.46977884353734,114.08390410046073,Male,Senior
163.18948342525118,72.16859190940467,Female,Adlt
161.69049883588963,92.90909935757696,Male,Adult
162.81555778747565,79.69960851665098,Female,Adlt
179.59270826085208,93.56563044538316,Other,Senoir
171.96861235869125,100.0072426358829,Male,Senior
137.58732659930928,66.5223739016102,Other,Adlt
172.24092481810416,94.8803096387441,Male,Senoir
177.09003757588513,102.60711174804692,Male,Senior
166.7397646783216,94.48601519229469,Female,Senoir
184.53534077157317,105.5901085604421,Female,Adult
176.25667347765005,99.53047688565246,Other,Adlt
164.2310813047685,73.44666210788343,Male,Adlt
170.75804558193727,92.61502666909252,Male,Senior
188.48956094945345,112.53877072057598,Other,Senoir
155.77746290402325,84.86267077298638,Other,Teen
173.686733088729,99.80283180240978,Male,Senior
167.59674601841866,88.51398493008485,Female,Adlt
165.79813182904144,88.72537798471599,Other,Adlt
176.24119817052156,92.56860463926385,Other,Teen
169.27171087343126,91.22137403610303,Other,Senoir
190.60747924881986,114.23821171918604,Female,Adlt
172.50492850345876,90.29747390583135,Other,Senior
90.0,30.0,Other,Senoir
180.53802052034902,105.20070861349605,Female,Adult
170.6751848141011,96.14684511413911,Other,Teen
160.60120213672644,87.47290201682928,Female,Adlt
160.09463674869312,85.59835040001899,Male,Adlt
162.72862824175132,83.39691996304978,Male,Senior
170.87047068238172,86.00051412084478,Other,Teen
177.12998430172388,105.35538281385932,Female,Senior
162.85648581973632,91.61992268447588,Male,Adlt
160.01645959261208,84.5576121622335,Other,Senior
178.21902504375223,97.92833962357044,Other,Senior
154.80630034045987,85.46401526878034,Other,Adlt
,88.86535716763048,Other,Senior
171.20295631711897,92.46926149119642,Other,Adlt
161.9772273077838,85.08155643622958,Other,Senior
168.74213079900352,98.27299952777872,Male,Adlt
174.43819428146227,93.46931557452402,Other,Adlt
191.33033374656267,108.26735306936666,Female,Senoir
167.79035826170337,87.80391445941827,Other,Teen
187.9587767309552,100.4202391916688,Female,Teen
154.74474829075263,81.15577543118829,Other,Adlt
167.65846625276663,94.38373619555793,Male,Senoir
183.4542004615498,101.76805998769984,Male,Adlt
157.04921227936384,76.0066264801561,Female,Adlt
149.607678222399,78.72559646285558,Male,Senoir
173.3231401197959,92.77323495591561,Other,Teen
159.42289071044098,86.7165813379106,Male,Adlt
166.1468640313824,87.98659530723167,Other,Teen
172.7996862631982,,Other,Senior
176.3293181775551,99.9979955536557,Female,Adlt
175.13785950912208,94.30956897045515,Other,Senior
167.97807347566106,93.55375729249472,Female,Adlt
159.98379990105084,85.74266094865366,Other,Senior
156.95530499495146,83.25821425421954,Female,Senior
160.18491348952048,90.23191064046436,Male,Teen
167.86552848288153,89.95514862512997,Female,Teen
164.5508091319105,77.23238048864928,Female,Senoir
208.52731490654722,136.4224671318272,Other,Adult
171.7136828118997,92.24789321636504,Male,Senior
190.9238727568546,114.26399370030013,Female,Adult
164.7023979623296,86.93694743699312,Other,Adlt
148.01194043379917,72.68100461889857,Other,Adlt
164.60240319690638,89.97859944422245,Male,Teen
170.2688583899453,95.40158527432048,Other,Senior
161.79317681648288,77.38686540005014,Female,Teen
167.63181393259993,92.26360335045894,Female,Teen
177.14000494092093,104.12986038676992,Female,Adult
157.54261221288013,83.38726066230481,Male,Senoir
178.1351721736967,103.30865530557631,Other,Adlt
170.59218434014488,92.05595885543524,Female,Senior
178.40643548988723,103.84529582354733,Female,Senior
188.31458765854353,110.16580554810288,Other,Senoir
170.99332305429226,88.77305662721702,Male,Senoir
,87.06366455515794,Female,Teen
167.08306250206724,85.26079342586847,Other,Adult
161.60278157819224,88.83213277706936,Female,Adlt
,109.22753323430932,Female,Adlt
173.28751109659686,97.15270578206973,Male,Senior
160.77834675822373,91.57489417814229,Other,Teen
160.14273953664457,85.33223148042295,Female,Adlt
181.88393273448085,,Other,Senior
169.92027358683382,90.1689554986882,Male,Adlt
162.26990216144534,81.6188983751663,Female,Senoir
167.91877749642725,93.06979276943936,Other,Senoir
170.18418379189552,97.13708881081511,Female,Adlt
171.70865438127942,89.86059543292849,Female,Senior
176.0600995134564,97.24780128901806,Other,Adult
185.51151975522524,107.24543340418815,Other,Teen
172.76690799330018,91.72039424963677,Male,Teen
163.00274492007415,85.6573541416366,Other,Teen
162.9233053438122,88.72606985626119,Male,Senior
179.540017634932,97.99397954359281,Male,Teen
168.8767195030917,89.0864303037589,Other,Senoir
180.0629280921444,96.20705110437852,Female,Adult
158.0379337591933,,Other,Senior
,96.41305421910536,Female,Adult
169.0394010027535,84.1256318429923,Female,Senoir
176.14166700043424,106.87702282214784,Male,Senoir
172.16458589581976,88.09911240834239,Male,Adlt
164.35921369263272,88.41320809072393,Other,Adlt
177.57507710047304,101.79092703954065,Other,Adlt
171.84836123694873,,Female,Senoir
182.5575612557352,96.39585162000101,Male,Adlt
169.87753227153087,100.54353320609626,Other,Adlt
164.55617275474816,96.7382713297769,Male,Senior
157.19695601329104,83.01751310948245,Other,Adlt
,100.03414355981924,Male,Teen
170.26091050210835,99.04421096493847,Other,Teen
167.5876394214367,81.96371313825863,Other,Adult
181.43754043206928,99.24252420379047,Male,Adlt
162.01702755461545,84.74071964771022,Other,Teen
186.65474444462578,112.74080796003108,Other,Senoir
177.85800158650832,95.21391775515106,Female,Senoir
169.04704467613047,83.13705153775373,Other,Senoir
,90.4860881720183,Female,Teen
171.32969674146875,88.83301193862286,Female,Senior
,95.71801309406679,Other,Senior
178.25416348988028,107.37978488597882,Female,Senoir
170.81874139386323,,Male,Adult
168.23052772505952,85.87895161012389,Female,Teen
155.51986099583755,77.64132261235352,Female,Senoir
167.31111309445168,91.55192329289319,Other,Senoir
172.80991867735034,90.01209377874595,Male,Teen
156.7181395110157,82.16858465271399,Other,Senoir
164.0060735455598,85.1659091502753,Female,Teen
161.60782476777362,85.31927193603903,Male,Adult
175.93101257968385,98.96980921944753,Female,Senoir
163.54880245394875,88.92644161720746,Other,Senoir
177.08356447299354,101.71367388452137,Male,Senior
168.4432276460792,90.58053613058647,Other,Adlt
178.23170583961914,95.63292235891046,Other,Senior
149.18070592116277,73.59946659713364,Female,Adult
186.69021525289392,115.08229650468166,Male,Adult
157.204230332643,80.63969868342865,Male,Senior
143.03113357058427,67.7922988885031,Female,Adlt
184.20504247989854,110.78744982212359,Male,Senoir
161.36009230320184,90.0006091157342,Other,Adult
147.88864690992114,72.9215748074416,Female,Senior
172.59882794248423,94.47358602681646,Female,Adlt
164.23096344337597,84.04077774730747,Other,Adlt
158.74510952701624,82.48141258925061,Male,Senoir
176.6967254883004,95.77026847051123,Other,Adult
191.53182457511556,119.73449375507207,Female,Adult
163.7518142230432,87.72689361630479,Female,Senoir
186.87141635072564,100.55599314280262,Other,Adult
164.98242956415464,90.63439484369454,Female,Senior
165.3772471129496,81.27095043859052,Male,Adlt
167.27276430252329,92.6870233583092,Other,Adult
,90.55818663497966,Female,Teen
187.94557863517787,116.12943982560986,Male,Adlt
173.7114587337131,100.17071425226523,Other,Senior
172.22133771633713,96.33483719976084,Female,Senior
167.54256935914054,85.4763447824921,Male,Senior
156.7976679297936,91.18483737444734,Other,Senoir
160.80575765766196,,Female,Senior
172.44966571108722,97.38938998871026,Female,Senoir
158.41635310807456,85.14014489775357,Female,Senior
155.87696298664707,82.41009641999196,Male,Senior
178.2206015999449,107.319905532503,Male,Adlt
173.11250154543535,97.89891361042696,Female,Senior
171.17327383308782,89.56360654082386,Other,Adlt
176.3391902231801,106.90085522808245,Female,Adlt
170.865897874729,93.27853770485635,Male,Adlt
300.0,250.0,Female,Adlt
171.8660912315636,91.57524411715164,Male,Adlt
168.852635585331,90.9494702262861,Female,Senior
164.41078152728412,75.31826576082406,Female,Senior
178.52433334796223,108.8138831288087,Female,Teen
145.76120673371042,75.92271837095367,Other,Adult
191.22156197012634,102.13072756025645,Other,Adult
,85.58500572305014,Female,Adlt
154.84255885002767,83.41234433082381,Male,Teen
177.6743472915291,103.08277157078604,Female,Teen
195.26932425873622,120.5666499983499,Male,Senior
181.0870358058291,102.90607087085479,Female,Teen
164.69498852389472,82.24607436132932,Other,Adult
175.4709738117004,103.35335425968825,Male,Teen
177.51387123371788,109.03294694201703,Male,Senior
176.48709887589644,96.98833383889617,Female,Senoir
173.84065448939307,99.77099538379083,Male,Teen
156.51814577894288,84.56038360548612,Female,Adlt
163.9601481328418,93.69879943897915,Other,Senoir
182.77664895788425,104.63988984894145,Male,Senoir
174.91919171506507,94.03869569479802,Male,Adlt
176.2834550926428,101.65475323335956,Male,Senoir
166.37161439560342,86.48444005192577,Female,Adlt
165.34270246429742,89.79643024132967,Male,Adult
186.76437312275283,101.8164886946313,Female,Senior
161.16142563798866,84.9470940795564,Male,Teen
164.44522880839745,96.87726039060526,Female,Adult
188.82024496475034,114.53436514115134,Other,Teen
176.513912513058,103.3371431464744,Male,Adlt
161.91506397106812,87.63323483511907,Female,Adlt
165.5381656678522,88.8908053188375,Male,Senior
152.86865470909123,70.84615779053364,Male,Senior
177.55391225825755,99.1897834905154,Male,Adlt
175.43360192379936,100.8007302487625,Female,Adlt
169.25566570899954,90.1835880155133,Male,Senior
165.40639100459757,89.74795968052395,Female,Senoir
181.4282281451502,104.29090056421,Female,Adlt
174.0171172209894,91.7500607944827,Male,Adlt
177.60414656144297,101.87899334092135,Female,Teen
,76.3218974185162,Other,Senoir
151.9511789933548,82.19980419254024,Male,Senoir
175.5979044793104,98.45031279605188,Other,Teen
171.9652116970147,97.37430266920991,Male,Senior
167.18899707114045,95.82084855560853,Male,Teen
186.32411303931636,107.13557142864123,Other,Senior
175.21941565616896,105.66999940667694,Other,Teen
165.49934528520757,93.92964918571589,Female,Senoir
162.87154217322836,93.06936068871107,Male,Adlt
157.77872191108054,76.10565076417346,Female,Adlt
162.97946906122647,90.31966987328873,Female,Senior
190.75400798645438,107.94254879206983,Female,Senoir
173.4758170536167,100.16852433966076,Female,Adlt
165.30525614065047,94.02249410318208,Other,Adlt
164.10635243055788,87.66536262980262,Female,Adlt
165.21251378336524,91.23488752117838,Male,Senior
171.8334200573835,99.84960148862554,Female,Adlt
173.41755975777158,102.58451022898842,Other,Senior
171.81866255058495,96.78087879717933,Male,Senior
153.92516765438774,77.78237295378635,Male,Teen
163.37376241054153,85.90396567523821,Other,Senior
163.2360769794073,85.92577717992994,Other,Adult
149.32557899960125,75.29812889315966,Male,Adult
169.8148686400761,90.10215953480609,Other,Adlt
182.01213922163944,107.49514478493768,Other,Adult
174.9331790088089,96.75261853478955,Other,Adlt
164.81729781726352,98.71930795334137,Female,Senior
160.91975924478788,83.2260467793375,Female,Senior
165.79015519179737,87.85552166740479,Male,Adult
171.91099068019903,94.183380892158,Other,Senoir
161.6764442689577,92.47112634238357,Other,Senior
173.24083969394795,92.78894221700551,Male,Teen
184.5114360779504,99.20078675549858,Other,Senoir
166.6549876415905,83.86978754362018,Other,Adlt
184.027943109361,108.81879990857082,Other,Senoir
181.49273326285675,102.11314749592133,Male,Teen
175.7059866859316,93.33819183372104,Female,Adlt
174.56753219153785,112.79952164068405,Female,Adlt
190.1020453876635,109.03776940912424,Female,Senoir
159.9747063536219,71.02202425753518,Other,Senoir
178.56398794323474,94.03746167432024,Female,Senoir
165.7311893005258,94.30787445837905,Other,Senoir
171.86454314769426,91.91014762438486,Other,Senoir
170.48521627944828,,Other,Teen
164.69003044998183,90.35699921434208,Other,Adult
174.12931454275625,94.77549899577448,Male,Adlt
167.00992649534132,88.16835804097762,Male,Adlt
177.43264094022715,102.76621426626969,Other,Senior
175.95157025436913,101.00487700071587,Other,Teen
155.69858622039368,75.60918939103037,Male,Senoir
159.29107501938887,87.95355054746155,Female,Senoir
165.6744181218038,85.09108155622171,Male,Senior
174.6210347426327,97.86751583656896,Other,Senior
164.89983601145252,83.36119888675759,Male,Senior
154.43370826476095,81.03943072292742,Female,Adlt
161.91701714644847,94.85536399953831,Other,Adult
176.10370265433465,94.71460659143698,Male,Senior
180.32465260551146,104.16247019419819,Other,Adlt
164.77276979480962,90.04864331169645,Female,Senior
149.2660976759185,72.50536584925321,Other,Senoir
182.46085192497628,103.0201062366302,Other,Adlt
179.15402117702075,106.39003632947791,Other,Adult
168.92969640045442,95.80343486593165,Female,Adlt
177.70865193886968,105.76148351726856,Male,Senoir
176.62130674521046,98.19682688878669,Male,Adult
180.44160877069072,99.43512659785719,Male,Adult
159.95859233247933,88.72841626879763,Female,Adlt
165.88123033877534,91.1299348389787,Male,Adult
157.69135683566046,85.4280848636489,Male,Adult
154.96857046881894,81.7335724031857,Female,Adult
180.66674689589155,100.41814275366956,Male,Senoir
169.66873027126204,99.25340097473386,Female,Adlt
160.924363379584,75.49924395626032,Male,Teen
178.20482181197363,103.11576087079477,Female,Senoir
185.6552402923434,112.59451443810192,Female,Senoir
170.74094780419776,95.07975277621948,Male,Teen
178.29405581183488,102.79680014281902,Male,Senior
161.7100498907793,82.19859263348613,Female,Senior
177.91031947043047,105.64691718817733,Male,Adlt
151.59125768668355,75.90988582532783,Male,Senoir
165.47693680750922,94.54980672668837,Male,Senior
162.21695274597687,95.18617585535479,Female,Adult
170.55724912288696,93.84080176323528,Male,Adlt
169.8357710392725,84.43500297424049,Male,Teen
178.33922154548904,98.95925400569082,Male,Adult
170.45571839903815,92.96873631737807,Other,Adult
172.438007137712,100.62313804863751,Female,Teen
168.5294261849786,89.99105371089055,Female,Adlt
156.79543386915725,73.91563606927005,Male,Senoir
174.73592430635182,99.53000338328656,Other,Senoir
163.53427115757472,80.08901537715211,Other,Adlt
167.52481364448496,90.5871482947944,Female,Senior
158.57029702169376,89.53396946939361,Male,Adlt
180.29155637325644,106.26211024564105,Other,Senoir
171.84633858532305,95.28958699414846,Other,Adult
188.00940432910815,108.45209747792978,Female,Teen
158.31321962380468,82.1938036762563,Other,Adlt
157.5221681803515,74.70137887779146,Female,Senoir
162.74256186846534,87.66015059529272,Other,Adult
172.89774856896412,95.50113724032553,Other,Senior
178.89630795623438,97.41091056439883,Female,Senoir
173.52055396514297,102.47810607219864,Other,Senior
168.57620514978706,99.2252528945858,Male,Senoir
164.3981895980303,92.9185823859099,Female,Teen
162.8015579160529,90.93970181188097,Male,Teen
180.94191518470947,107.11159204184962,Female,Teen
164.0842861116417,87.6302625172565,Other,Teen
169.8098379209731,89.94630212524221,Other,Senoir
172.0768768716311,95.44431958020508,Female,Adlt
173.43618289568462,103.47526635474563,Other,Senoir
167.40408648636395,90.26547088149898,Other,Adult
170.13001891877906,84.65223295592422,Female,Senior
161.5015563053521,83.51626147940027,Other,Teen
171.28104414910788,97.12072334560142,Male,Senior
159.40786478111048,83.57343618667973,Other,Teen
154.49336568933867,80.65081519765619,Male,Adult
181.19574911434577,100.88888270129415,Male,Senoir
179.3567839314746,106.41266002906694,Other,Adult
163.8848219700805,88.44424785606618,Other,Senior
179.68644990532889,101.5316937322468,Male,Senior
171.06430227691897,,Male,Adlt
180.8078072555462,95.43926903266696,Female,Adlt
163.76859473575234,84.1605987129581,Male,Senoir
176.38592458777373,99.45176336355239,Female,Adult
165.25054688839043,88.89590954084751,Other,Senior
172.93072473298682,103.84772806036999,Male,Senoir
176.10585745283822,102.29555152600241,Other,Adult
156.2233063204291,80.8452760400147,Other,Adlt
167.4743184860684,91.57369075764197,Other,Adult
172.23884024279133,100.75718476449597,Other,Adult
188.8618590121053,113.03954263620763,Female,Adlt
173.94452142378296,104.01351212620227,Other,Senior
,85.04725354824825,Male,Senoir
170.4698059376474,97.01759189720799,Male,Adlt
166.78614158347006,88.59517899268242,Other,Senior
169.96397460909432,97.73320237506532,Male,Adlt
187.97686526849523,109.0465724454004,Male,Senior
167.30593165555442,94.8777059317977,Other,Senior
150.86719755342202,72.33453870763199,Female,Senoir
169.64173960890048,93.06167510331171,Male,Senior
172.5972250172148,92.89325540656196,Female,Adlt
,89.93102723212003,Other,Teen
165.12393775927507,93.17946711451381,Female,Senior
166.36387787786146,93.27474917577052,Female,Adult
175.38910043684658,107.88065483395752,Male,Senior
176.81891489626312,99.00499462184217,Female,Adlt
170.10233061019588,91.51005530070228,Female,Adlt
172.89168643907817,101.93105699949388,Female,Senior
173.46448209496975,85.35108331745421,Male,Senoir
164.26337993119765,94.4226172747772,Female,Senoir
161.77779604433567,,Male,Adlt
188.9679298265395,112.89068244414734,Other,Adult
166.72337853402232,90.31077010965657,Female,Senoir
170.12592400781796,88.44699181167019,Male,Senoir
162.44617067646678,88.70702445851931,Female,Adlt
172.79021525770338,92.79782473326294,Other,Teen
161.74502803207488,82.50351191116272,Female,Adlt
167.69065469791323,96.85851948594568,Other,Adult
169.59842049355657,91.66403704243753,Male,Senior
184.75356216949552,97.26830376464589,Female,Adlt
152.97416395762158,76.16084864768806,Male,Teen
169.1784882160743,89.2823329242494,Male,Senior
170.13929291912947,93.9676685085646,Male,Adlt
176.20672097550678,95.12394397858682,Female,Adult
177.51933032686773,105.02066927421903,Female,Adlt
165.98779528114164,88.59636788789263,Female,Adlt
179.71570950954356,97.54809022189418,Female,Teen
164.93056824628871,94.39074279559155,Female,Senoir
180.5842448684959,101.41955226371743,Other,Teen
177.3846657999541,108.06583767724801,Male,Senior
174.12780926936497,108.91379037412483,Male,Senior
169.65288230294757,,Female,Senior
160.35076539419896,94.59672450448068,Other,Senior
178.27183249036023,99.04127385699034,Female,Adlt
155.84629257949587,85.25171387084454,Female,Senior
161.39586634716048,,Female,Adlt
156.48315394383667,84.22421514710753,Male,Teen
169.62365297575153,89.98464674840675,Male,Senior
173.66598246096848,93.65630080612284,Female,Senoir
169.49761890550863,91.57955971855918,Male,Adlt
169.1087996048721,85.71375990460568,Female,Teen
166.84730755359655,88.68782840677676,Male,Adult
177.56988616645353,98.89841534428399,Female,Teen
184.41273289066115,111.42801020456638,Female,Adlt
174.47708560017315,98.14557161080165,Female,Senior
170.58208718446,94.64344913633731,Female,Adlt
163.87211309515612,94.00660300003128,Male,Adlt
165.06999065341168,101.02798917523445,Other,Teen
157.10039100258945,91.70297649854624,Male,Teen
172.71578837195372,94.64354555692516,Female,Teen
169.67305251905907,98.57311655457978,Male,Adult
168.0966132191639,97.32878305021323,Male,Adult
174.73237624573545,92.34670165347038,Male,Senoir
173.7721187506452,94.96488576618013,Female,Teen
173.0780176889206,98.33574491090894,Male,Senior
151.10459269054468,74.05154115604577,Female,Senoir
167.45022782579144,85.70869388173776,Other,Adlt
181.69295590445674,102.9756112943819,Female,Adult
153.72457562116838,87.7750495887246,Male,Senoir
176.3240773905552,95.57842284282744,Other,Adlt
181.67782061659807,99.12012562115545,Other,Senoir
174.59180079228437,93.37183868510301,Other,Adlt
183.29152530132433,106.39014314548018,Male,Adult
181.0330188201652,102.47705052662788,Other,Senior
158.7094822878277,82.71755602709037,Male,Adlt
165.53485047932978,89.5082429621266,Other,Adlt
,81.85694713937903,Male,Teen
185.64643655814007,100.66683178138322,Male,Senoir
179.38283805976,110.95050768254903,Male,Adlt
175.15047686306048,90.62240281775595,Other,Teen
175.9065483069231,95.94669674087622,Male,Teen
180.1437006501813,110.68239744807282,Other,Adult
180.91506851922463,105.55722950830908,Male,Senoir
180.88950596967365,102.15145187403917,Female,Adult
175.13267433113356,96.63765765259531,Male,Adlt
154.29775280109544,72.26786496488238,Male,Teen
185.79572145730714,101.7641539243622,Male,Senior
166.5728548347323,100.35744287516272,Other,Adlt
160.22444755201448,87.35606121958693,Other,Teen
174.72597482413042,89.17182429953442,Female,Teen
197.2016916658962,111.96357591322773,Female,Adult
171.3074057728609,100.35713107162701,Female,Senior
173.26927373764164,97.41013602471062,Male,Senoir
174.96714153011231,104.46720456003109,Male,Teen
171.09394794604893,95.47831769327246,Other,Senior
168.8435171761176,97.3525696256623,Female,Teen
173.33662105286948,100.5226331530135,Male,Teen
168.48214904964416,82.45290727916327,Male,Senoir
188.52278184508938,101.3275832911925,Male,Teen
178.13509636000637,103.11063825576504,Female,Senior
164.23228669431668,87.39565459567152,Male,Senior
176.32781866106285,93.61592770006457,Female,Senior
,82.09594607301307,Female,Adult
177.21672064043236,101.51369902807218,Other,Senior
167.54611883997129,93.7652786643006,Female,Adult
174.29618219132587,87.49070162396457,Other,Teen
162.03104744529523,88.17181398114082,Female,Adult
166.4070790921294,91.88667640523691,Other,Senior
155.21413754220157,76.01976590399116,Other,Adult
172.43339449322693,94.9330864259618,Other,Teen
175.7707212718054,93.2017219486834,Other,Teen
172.32253697161005,88.47483430741154,Female,Adult
163.2283828848789,94.35917528064078,Male,Senoir
169.4305437627893,90.31005753366118,Male,Senior
153.0753537028518,80.191482419039,Other,Adlt
184.40117215449473,106.4089583453215,Female,Senoir
167.52822617479404,96.71997041468785,Other,Senoir
188.46636996047667,112.72759241370926,Other,Senoir
164.96524345883802,90.11253116447163,Female,Adult
173.61636025047633,93.91621821886925,Male,Senoir
167.7653721467415,86.04069424921568,Female,Senoir
174.71415556386404,95.99250743448287,Male,Senoir
171.94089992898307,92.38635704759912,Male,Senoir
149.61875464822145,74.99183276952368,Female,Senoir
162.09525544554688,86.45208195368103,Male,Senoir
167.96954613957007,92.68155102471039,Female,Teen
161.05392697780496,89.42372585040503,Male,Adult
157.2325142417969,84.86596319986954,Male,Senior
158.49006422577696,82.83107519404027,Other,Adult
166.98896304410712,90.09752439219288,Male,Adult
169.50536290347566,91.91213905593344,Other,Adlt
189.6472513291639,109.99024627632865,Female,Teen
175.14438834058748,,Male,Teen
176.74819492166603,89.66413020201124,Male,Adlt
170.6980208499002,94.58846434736033,Female,Teen
178.77362290575672,103.47715205075586,Other,Teen
155.21478009632574,78.83016558698907,Other,Adlt
175.70890510693167,91.91869841928207,Female,Senior
166.92221765047,98.89257088284845,Other,Senoir
166.90787624148786,96.0807337136359,Male,Teen
179.26177547531643,105.22740330861798,Female,Senior
160.76766753889095,71.17473932000566,Other,Senoir
156.19898541785108,88.61581475616595,Female,Teen
170.9965136508764,93.57617055282383,Female,Adlt
164.36275447196024,88.77856013664167,Other,Teen
170.29756139495746,93.37436349882144,Female,Teen
172.96984673233186,91.43805531750705,Other,Senior
181.26565029547757,104.76806684884066,Other,Senoir
162.43649254715697,87.3162669212007,Female,Adult
167.80328112162488,89.27969233742309,Male,Adult
160.33023856870787,81.16362858888726,Female,Adult
177.17542255795962,96.54249310931897,Other,Adlt
175.42560043585965,95.20686433447086,Female,Adlt
168.61735698828815,96.37878970402318,Other,Adlt
171.98084760767856,89.7500500205125,Male,Teen
157.55345296688583,89.92149996254506,Male,Adult
179.84322398476584,101.69275163306695,Female,Teen
164.37712470759027,88.9289661541445,Male,Teen
161.43916174091132,85.72596498205208,Other,Senior
160.62174960084877,84.76253309678333,Male,Adult
179.55142320501238,110.10735560768734,Female,Senior
171.96554776511576,99.25318956793186,Other,Teen
177.8708460374245,111.53847429663578,Male,Senior
171.7457781283184,89.30412249961827,Other,Adult
172.08382807947552,98.87749289766639,Female,Senior
159.18936672400102,87.62691653888714,Male,Teen
161.01585328651643,87.21412867256036,Other,Adult
163.4816389219784,84.80329252043934,Other,Adult
179.240270192069,103.88578242115668,Male,Adult
164.8238870096383,85.53065817578295,Other,Senoir
184.4376460407326,102.72504974341524,Male,Teen
155.9153870363644,85.87234754250906,Other,Senior
172.48220586300337,98.69951331301876,Other,Senior
169.44415329089546,84.68378391832263,Male,Senoir
170.4643654815615,95.65651356245672,Other,Teen
194.55300139910895,110.76682701812555,Female,Adult
166.15444455770174,86.87549590362202,Female,Senoir
182.7155509499416,102.28589429135721,Other,Senoir
176.1167628884087,99.80845542868735,Female,Senoir
165.2082576215471,92.5459254126341,Female,Adult
184.79944138890025,119.11049367835147,Male,Adlt
170.48084946661382,101.14898216131337,Other,Adult
169.29834288541352,93.96438114896807,Female,Adlt
165.14636452170896,84.45499280323928,Female,Adult
167.35343166762044,85.6751329651038,Other,Adult
170.96995964992718,94.15621330942,Other,Senior
186.96456368290038,103.39546079125714,Male,Adult
175.76556963055765,97.58427192446298,Male,Adlt
163.62612872693484,81.29533169545894,Female,Senoir
180.6548037506535,97.65342573983226,Other,Senior
194.63242112485287,117.64758845223061,Other,Adult
170.96120776940984,90.32305315791655,Other,Senior
160.44459559399576,82.53597027413736,Other,Adlt
151.29208078974145,68.3501434263346,Male,Senoir
159.91913689082597,86.50691929026387,Male,Senoir
175.72582781356158,94.42873180817318,Female,Adult
175.69767280232205,103.4081895674201,Female,Teen
169.25554084233832,101.90014352743843,Female,Senior
175.1503526720866,94.12535896584417,Other,Teen
167.24948302848355,96.50769215886345,Female,Senoir
183.53872374165414,100.32678117493548,Other,Teen
178.49602097021025,104.83887274544743,Female,Senoir
181.6316375215496,98.00690994603175,Female,Senoir
160.9061254520526,90.75066443464925,Male,Teen
161.41642219818786,93.33617126831231,Male,Adult
164.00624977046226,90.28888855605247,Other,Teen
169.73486124550783,93.84853948685566,Other,Senior
174.73832920911786,108.52667531492763,Female,Adult
175.29804177915284,106.0745336739769,Female,Senior
184.96044311489183,105.2026312927712,Female,Adlt
172.54420843301213,91.15538581951162,Male,Teen
176.45375949585147,93.58433757616116,Female,Senoir
159.29915233673847,81.52118542284644,Male,Adult
154.65885829264377,81.47241132378743,Female,Adlt
191.90455625809977,106.98237366719637,Other,Teen
181.355656401806,99.75556477264585,Female,Senior
164.46350694652818,94.46592002228911,Male,Adult
157.88983800237543,81.36284127064455,Other,Senoir
150.47912200477498,68.77504503650859,Other,Adlt
167.80899471191137,84.2451862176032,Male,Adlt
176.54365656354057,97.43023456260879,Female,Teen
164.77139972846732,95.34892165435195,Other,Adult
173.26133022242118,90.93354057715119,Female,Senior
156.55549488965724,,Male,Adlt
184.77894044741515,104.69287114658674,Other,Adlt
159.7348470058894,87.50091358588816,Other,Adult
164.7424497831924,85.23963018985647,Other,Senoir
170.47398671316415,85.45307270551376,Male,Senoir
170.9767609854883,91.66267363098194,Female,Adlt
162.074792615673,83.97167464916826,Male,Adult
173.42725346377705,85.40615704750587,Female,Adult
178.12525822394198,98.50052769453211,Female,Adlt
167.86011155774491,90.03351611560774,Male,Adult
177.1161487808889,106.0455046120453,Male,Senior
153.3847993773104,69.20412261176511,Male,Teen
164.33702270397228,84.13194118347828,Male,Teen
171.5372510594553,97.14597572559552,Female,Adult
166.3903383418092,92.68477351500468,Female,Teen
166.9045356068601,99.90872704146553,Male,Senoir
185.02357052096028,105.6856048999322,Female,Adult
,94.31432296694624,Other,Senoir
173.8240974618405,96.90591222136203,Male,Senior
158.16741487334224,83.88770687505352,Female,Adult
195.60084538268794,116.4179290389271,Male,Senoir
153.3059471887863,84.08052094753444,Female,Adult
174.9245126400815,92.29368567144357,Female,Teen
183.66874267444524,105.3753093806467,Female,Teen
176.0789650971654,94.53214982790766,Female,Senoir
169.60444846143346,91.04873393695703,Other,Adlt
168.91239851543142,92.61906050595906,Female,Senior
169.10264305712772,94.9704010814322,Other,Teen
166.14917719583684,91.51327714344022,Male,Senoir
172.67050265869258,84.64437538617682,Other,Senior
161.38715798671737,86.17119870403081,Female,Adult
180.03532897892023,107.8359300179208,Female,Senoir
172.14093744130204,91.92000547741578,Male,Adult
165.12874616235302,,Female,Senior
164.2418175935532,90.0406491752986,Other,Adlt
155.69224897881952,85.79187456527289,Other,Teen
163.07090404739347,86.26936537669842,Other,Senoir
176.21809962217196,94.88393673146453,Male,Adult
,95.77294436461231,Male,Senoir
177.8182287177731,100.11430108390314,Male,Senoir
163.4667076742629,83.2701707515434,Male,Senior
173.61395605508415,96.0179575551798,Other,Adlt
169.6531511261322,89.6256491403168,Other,Senior
187.54794181984366,118.29255731233539,Female,Senoir
184.533844771177,108.29016354190634,Female,Adlt
166.12298440064015,81.19822602039775,Female,Senoir
171.2200981464536,97.8087257871677,Female,Senior
176.81500697372624,95.15337699233616,Male,Teen
161.24381746615242,90.2397483485945,Male,Adult
161.42842443583717,92.24559342397646,Female,Adlt
165.53566385449471,88.1413783761213,Male,Teen
169.75874912889998,99.37086189404978,Male,Teen
170.91760776535503,101.32964594199109,Female,Senior
183.68631557532348,95.48590107091111,Female,Adlt
161.53206281931594,88.1291170325071,Other,Senior
173.57015485965047,96.62228616642327,Male,Senior
161.10485570374476,88.78901308230412,Female,Teen
162.84696290740033,91.38166220063486,Female,Teen
170.60230209941025,97.89241054291301,Female,Senoir
176.15935606944265,91.81352206126466,Other,Senoir
173.14247332595275,93.40879682308586,Male,Senoir
169.44452301103382,96.17445964017952,Male,Teen
172.41962271566035,105.55396480722065,Female,Teen
185.93186626639397,116.70516852084232,Other,Senoir
179.31280119116198,98.02340423235553,Female,Senoir
146.98078835264414,69.23379499578283,Male,Senoir
162.6906996005808,90.31993230186943,Other,Adult
164.6913122707968,96.30009516145827,Other,Senoir
165.5570673992389,89.10532919769204,Female,Adult
164.83955271782625,88.05229337697051,Male,Senior
172.1397991073422,90.67321692556149,Female,Senior
166.89733243406545,88.68147566888555,Other,Senoir
165.847120860992,95.00559552203639,Female,Senoir
168.1509786355701,92.23378968171109,Other,Teen
159.22255222070694,82.5652869904938,Male,Adult
176.4084286126701,94.3582124952645,Other,Adult
168.38714288333992,97.08934267869351,Other,Adlt
174.04050856814538,91.4369280757032,Female,Teen
157.62184501173152,86.6431720945313,Male,Senior
160.2531832977268,71.73083639358624,Male,Teen
184.415686206579,103.68863630298975,Male,Adult
173.31263431403565,98.69937165560425,Male,Adlt
164.75479733720226,83.7608082998314,Female,Adlt
185.86016816145352,110.8146947287511,Male,Senior
173.57112571511746,94.46772462201356,Female,Adlt
175.8685709380027,106.44887150570793,Male,Adlt
177.74634053429338,99.69286109257551,Other,Teen
170.68562974806028,95.72667054443069,Male,Senior
177.58969220493267,106.06943334780807,Male,Senoir
167.6105195313359,87.26535597518831,Male,Senoir
172.96120277064577,96.05825844516164,Female,Senoir
183.82158991037528,104.99761612331108,Female,Adlt
176.42722759867544,98.51003483572646,Female,Adult
181.58110873500067,98.72632089240685,Male,Senior
160.95683374895592,79.26306320761526,Other,Senior
152.21279751095722,78.60691412544163,Female,Teen
172.23787951638897,93.96798219602745,Male,Adult
157.39116045664954,83.30644557205687,Male,Adult
187.55340842443204,114.16060426853785,Female,Senoir
188.65774511144755,106.35121887441417,Female,Adult
152.96617560644845,80.12443280399485,Other,Adult
166.2855913400421,85.04498128354537,Male,Senior
163.99783122841205,89.5646373025427,Other,Adlt
168.1601666364732,96.77406055370106,Female,Adlt
160.81348053515802,85.89821313795973,Other,Adult
172.4368721149191,95.20841500419428,Other,Senoir
